file, system size, M nnz, norm_diff, construct t, reconcile t, one norms t, series t, total t, memory
graphs/random_graphs/random_graph_1296.npz, 1296, 2087342, 7.54951656745e-15, 0.871149778366, 0.0379428863525, 4.69319987297, 39171.8931081, 39177.5710802, 28532.3320312
graphs/random_graphs/random_graph_1369.npz, 1369, 2372955, 7.77156117238e-15, 0.628033876419, 0.0431289672852, 5.04240298271, 41717.2680981, 41723.056627, 9831.2265625
