file, system size, M nnz, norm_diff, construct t, reconcile t, one norms t, series t, total t, memory
graphs/random_graphs/random_graph_1296.npz, 1296, 1042374, 6.32827124036e-15, 0.249536037445, 0.049544095993, 3.60583519936, 25820.833627, 25824.8042619, 9688.61328125
graphs/random_graphs/random_graph_1369.npz, 1369, 1175282, 7.32747196253e-15, 0.398394107819, 0.0538959503174, 4.5314707756, 37591.2552831, 37596.354275, 10263.9257812
