file, system size, M nnz, norm_diff, construct t, reconcile t, one norms t, series t, total t, memory
graphs/random_graphs/random_graph_1296.npz, 1296, 703995, 7.66053886991e-15, 6.89595985413, 0.0508091449738, 3.28405308723, 23032.306777, 23042.597158, 23078.1210938
graphs/random_graphs/random_graph_1369.npz, 1369, 788491, 7.9936057773e-15, 1.11217689514, 0.0513842105865, 4.42056298256, 30207.1277599, 30212.789458, 21209.3945312
graphs/random_graphs/random_graph_1444.npz, 1444, 860607, 8.65973959208e-15, 1.08747506142, 0.0545840263367, 5.35423707962, 30787.348016, 30793.9083529, 18308.9492188
graphs/random_graphs/random_graph_144.npz, 144, 6338, 4.88498130835e-15, 0.3460958004, 0.0248708724976, 0.190599918365, 205.565523863, 206.143221855, 7124.3046875
