file, system size, M nnz, norm_diff, construct t, reconcile t, one norms t, series t, total t, memory
graphs/random_graphs/random_graph_1296.npz, 1296, 534266, 7.21644966006e-15, 8.91794204712, 0.0544619560242, 2.38224506378, 18943.3316579, 18954.7452638, 28820.3359375
graphs/random_graphs/random_graph_1369.npz, 1369, 624529, 7.21644966006e-15, 0.4619140625, 0.0520968437195, 3.10734510422, 23121.2069449, 23124.8989351, 22620.9882812
graphs/random_graphs/random_graph_1444.npz, 1444, 642210, 7.9936057773e-15, 0.503422021866, 0.0528168678284, 4.5583190918, 24488.3402071, 24493.568434, 44877.25
graphs/random_graphs/random_graph_144.npz, 144, 4824, 4.66293670343e-15, 0.63597202301, 0.0259530544281, 0.169547080994, 184.065520048, 184.914808035, 9387.8984375
