graph, omega, integrated_populations, integrated_coherences, final_sink_pop, time, t2_population 
isomorphic_graphs/28.mtx, 0, 57.83172628090197, 91.37822723552486, 0.9999999999999973, 9159.088134765625, 0.9999999999999976
isomorphic_graphs/25.mtx, 0, 355.6661168244115, 616.0086270580293, 0.9999999999999845, 12782.135009765625, 0.9999999999999845
isomorphic_graphs/5.mtx, 0, 198.49787936226636, 401.1779596929838, 0.9999999999999819, 16213.9892578125, 0.999999999999983
isomorphic_graphs/29.mtx, 0, 43.24837989355254, 69.46440830247901, 0.9999999999999974, 2204.0557861328125, 0.9999999999999972
isomorphic_graphs/8.mtx, 0, 75.66233178767934, 153.92914180361274, 0.9999999999999802, 4104.766845703125, 0.9999999999999802
isomorphic_graphs/10.mtx, 0, 53.58343246311351, 92.9597738682895, 0.9999999999999715, 9170.303344726562, 0.9999999999999715
isomorphic_graphs/26.mtx, 0, 276.49406610569764, 400.8655707580195, 0.9999999981894658, 34880.37109375, 0.9999999999999505
isomorphic_graphs/22.mtx, 0, 219.36114880928778, 371.31090213559537, 0.9999999999999928, 8566.818237304688, 0.9999999999999928
isomorphic_graphs/1.mtx, 0, 93.99784188085577, 196.37881768140804, 1.0000000000000222, 5022.27783203125, 1.0000000000000222
